"Project Name","Project ID","Description","Goal","Offer","Misconception","Target Audience","ID","Created Date","Updated Date","Owner"
"Chronos Reserve: Time Management as a Luxury Service","L6Q2X8M4A9Z1P7K3","A concierge service that manages and optimizes every minute of a client's life with extreme precision.","Drive signups for elite time concierge memberships.","A dedicated team that restructures your schedule and engineers your life for maximum efficiency and output.","Productivity is seen as working harder, not eliminating wasted time.","Ultra-busy executives and high performers with zero tolerance for inefficiency.","1906af07-fabc-456b-96b0-6e8d36bd6b32",2026-03-25T23:47:44Z,2026-03-25T23:47:44Z,"155164e1-54d5-4711-be9f-d137d8e2c1d4"
"Crown Signal: Luxury Notification Management System","P7X4L2A9Z6M1Q8K3","A premium digital service that filters and prioritizes all incoming communication for high-level individuals.","Drive adoption among executives overwhelmed by digital noise.","AI-powered communication filtering ensuring only high-value messages reach you.","Being busy is seen as productive, ignoring that most inputs are distractions.","Executives and decision-makers overwhelmed by constant communication.","2b7d7e65-bc38-4fee-bda0-1326ee08c9d0",2026-03-25T23:47:44Z,2026-03-25T23:47:44Z,"155164e1-54d5-4711-be9f-d137d8e2c1d4"
"Velourion: The World's First Emotionally Intelligent Luxury Mattress","A9X3K7L2Q8M4Z1P6","A luxury sleep company claiming to adapt to your emotional state in real time, blending biometric tracking with handcrafted materials.","Drive high-ticket mattress sales through intrigue and satire-driven brand awareness.","A $12,000 handcrafted mattress embedded with AI-driven biometric sensors that adjust firmness and temperature based on your emotional state.","People believe better sleep comes from discipline, not realizing their mattress may be actively working against them.","Affluent professionals obsessed with optimization, biohacking, and premium lifestyle upgrades.","2cb57db2-1c05-403d-9016-1ef2e78aec47",2026-03-25T23:47:44Z,2026-03-25T23:47:44Z,"155164e1-54d5-4711-be9f-d137d8e2c1d4"
"Noir Mobility: Chauffeured Silence as a Service","Q5A2L8Z1X9M4K7P3","A luxury transportation company offering distraction-free, silent rides for deep thinking and decompression.","Increase bookings for premium transportation memberships.","Private chauffeur service with soundproof interiors designed for focus and uninterrupted clarity.","Transportation is seen as a necessity, not a productivity or recovery tool.","Executives and creatives who value mental clarity and uninterrupted thinking.","310782fb-f714-4901-8279-301ca433cda6",2026-03-25T23:47:44Z,2026-03-25T23:47:44Z,"155164e1-54d5-4711-be9f-d137d8e2c1d4"
"Obsidian Office: Executive Workspaces That Signal Power","X3P9A6K1Z4M7Q2L8","A premium office design firm specializing in environments engineered to project authority and influence.","Attract executive clients seeking to elevate perceived authority through workspace design.","Custom office environments using psychological design principles to enhance presence and decision-making influence.","Authority is believed to come from titles, not realizing environment shapes perception.","CEOs, founders, and executives in high-stakes decision environments.","6127c0ff-6a70-46e4-a05a-bed16b0f6f5a",2026-03-25T23:47:44Z,2026-03-25T23:47:44Z,"155164e1-54d5-4711-be9f-d137d8e2c1d4"
"Monarch Vault: Personal Legacy Bunkers for Generational Wealth","P2L7X9A4K3M8Q6Z1","A luxury bunker company marketing generational survival as a prestige investment and status symbol.","Generate qualified leads for high-net-worth bunker installations.","Custom-built underground estates with luxury interiors, biometric security, and multi-decade sustainability systems.","Preparedness is often seen as paranoia instead of a rational extension of wealth preservation.","High-net-worth families focused on legacy, security, and generational continuity.","74d28ab0-60f8-4b44-8cf6-3e9fd9435e4c",2026-03-25T23:47:44Z,2026-03-25T23:47:44Z,"155164e1-54d5-4711-be9f-d137d8e2c1d4"
"Velvet Persona: Personal Brand Engineering for Elites","M1Z7K4Q9L2A8X3P6","A discreet agency that crafts and manages elite personal brands for high-profile individuals.","Secure high-value clients seeking reputation and perception management.","End-to-end personal brand creation including media strategy and controlled narrative positioning.","Reputation is believed to be organic, ignoring how much is engineered.","Public figures, executives, and emerging elites controlling perception at scale.","89e07319-e0ae-4bfa-a7e3-6d2604a89be8",2026-03-25T23:47:44Z,2026-03-25T23:47:44Z,"155164e1-54d5-4711-be9f-d137d8e2c1d4"
"Helios Skin Atelier: Sunlight Optimization for Skin Longevity","Z9K3M1A7Q4L8X2P6","A luxury skincare brand focused on optimizing sunlight exposure rather than avoiding it.","Challenge conventional skincare beliefs and drive product adoption.","Premium skincare and wearable tech that calibrate ideal sunlight exposure for anti-aging.","Sun exposure is seen as harmful, ignoring benefits when managed correctly.","Affluent wellness enthusiasts focused on longevity and skincare optimization.","97bc6da7-8d15-45ce-bfb6-fac78601a82c",2026-03-25T23:47:44Z,2026-03-25T23:47:44Z,"155164e1-54d5-4711-be9f-d137d8e2c1d4"
"Echelon Taste: AI-Curated Private Dining Experiences","K8Z1Q3M7A2L9X4P6","A luxury dining service using AI to curate hyper-personalized culinary experiences based on psychological profiles.","Increase bookings for exclusive dining experiences through curiosity-driven campaigns.","Private chef experiences tailored to your personality, mood, and subconscious preferences using proprietary AI profiling.","Fine dining is seen as food quality, not realizing the experience defines luxury.","Wealthy socialites and professionals who value exclusivity and experiential luxury.","a345db1d-efaf-4960-88e9-56e29664782f",2026-03-25T23:47:44Z,2026-03-25T23:47:44Z,"155164e1-54d5-4711-be9f-d137d8e2c1d4"
"Aurelius Air: Private Oxygen Subscription for the Elite","Z4M8Q2L9X1P7A6K3","A hyper-luxury service delivering curated, high-altitude oxygen blends to elite clients seeking peak cognitive performance.","Position oxygen as the next luxury commodity and drive subscription signups.","Monthly delivery of rarefied oxygen blends sourced from remote mountain ranges, packaged in designer inhalation systems.","Most people assume all air is the same, ignoring environmental and altitude-based performance differences.","Ultra-wealthy executives, athletes, and longevity enthusiasts seeking unfair performance advantages.","f080a2b3-0ea9-4f2b-9419-4868bb24b0e9",2026-03-25T23:47:44Z,2026-03-25T23:47:44Z,"155164e1-54d5-4711-be9f-d137d8e2c1d4"
